<?xml version="1.0" encoding="UTF-8"?>
<!DOCTYPE hibernate-configuration PUBLIC "-//Hibernate/Hibernate Configuration DTD 3.0//EN" "http://hibernate.sourceforge.net/hibernate-configuration-3.0.dtd">
<hibernate-configuration>
  <session-factory>
    <property name="hibernate.dialect">org.hibernate.dialect.MySQLDialect</property>
    <property name="hibernate.connection.driver_class">com.mysql.jdbc.Driver</property>
    <property name="hibernate.hbm2ddl.auto">update</property>
    <property name="show_sql">true</property>
    <property name="format_sql">true</property>
    <!-- mapping -->
    <mapping class="domain.Item"/>
    <mapping class="domain.ItemType"/>
  </session-factory>
</hibernate-configuration>
